id,dni,nombre,apellido,matricula,telefono,email,habilitado
1,72448069,Clayton,Thompson,802916,(858) 870-9645,clayton.thompson@example.com,True
2,87360755,Lillie,Rodriquez,126032,(750) 911-7956,lillie.rodriquez@example.com,True
3,33779794,Florence,Larson,379507,(417) 683-5937,florence.larson@example.com,True
4,67595602,Brayden,Jones,969766,(775) 820-2499,brayden.jones@example.com,True
5,83678259,Arlene,Willis,473719,(805) 250-2546,arlene.willis@example.com,True
6,19376317,Kent,Morales,263559,(449) 967-8039,kent.morales@example.com,True
7,35376656,Claude,Graham,287694,(579) 992-6800,claude.graham@example.com,True
8,69084330,Vanessa,Warren,704308,(783) 515-1659,vanessa.warren@example.com,True
9,16577178,Kenzi,Bailey,599164,(556) 980-0137,kenzi.bailey@example.com,True
10,41318342,Aubree,Rodriquez,117800,(644) 458-3144,aubree.rodriquez@example.com,True
11,12352334,Debra,Hudson,405190,(373) 933-6039,debra.hudson@example.com,True
12,34629414,Riley,Rose,220262,(595) 487-6179,riley.rose@example.com,True
13,03017615,Darren,Clark,549757,(354) 422-4208,darren.clark@example.com,True
14,31891320,Mathew,Jordan,429421,(652) 632-3734,mathew.jordan@example.com,True
15,50987333,Allison,Jacobs,649189,(314) 388-7112,allison.jacobs@example.com,True
16,12679077,Theodore,Gilbert,297783,(551) 652-6292,theodore.gilbert@example.com,True
17,17262264,Melvin,Davis,382509,(289) 299-2198,melvin.davis@example.com,True
18,65664290,Caroline,Russell,576748,(908) 323-6241,caroline.russell@example.com,True
19,88672991,Lucy,Kelly,226449,(712) 748-8993,lucy.kelly@example.com,True
20,68228852,Addison,Sanchez,054732,(593) 945-3289,addison.sanchez@example.com,True
21,38531657,Emiliano,Correa,123456,2936407809,emiliano.correa.amigo@gmail.com,True